StateCode,StateName,DistrictCode,NameofCity,Level,PopulationPersons,PopulationMales,PopulationFemale,0-6PopulationPersons,0-6PopulationMales,0-6PopulationFemales,LiteratesPersons,LiterateMales,LiteratesFemales,SexRatio,0-6ChildSexRatio,EffLiteracyRatePersons,EffLiteracyRateMales,EffLiteracyRatesFemales
01,JAMMU & KASHMIR,99,Srinagar,UA,"12,73,312","6,77,260","5,96,052","1,57,100","84,110","72,990","7,97,481","4,64,086","3,33,395",880,868,71.45,78.24,63.74
01,JAMMU & KASHMIR,21,Jammu,UA,"6,51,826","3,50,035","3,01,791","58,424","31,979","26,445","5,28,017","2,94,652","2,33,365",862,827,88.98,92.64,84.75
01,JAMMU & KASHMIR,99,Anantnag,UA,"1,58,785","82,023","76,762","26,001","14,013","11,988","1,01,256","56,988","44,268",936,855,76.26,83.79,68.34
02,HIMACHAL PRADESH,11,Shimla,UA,"1,71,817","94,797","77,020","13,784","7,291","6,493","1,48,775","83,045","65,730",812,891,94.14,94.90,93.20
03,PUNJAB,07,Ludhiana,City,"16,13,878","8,74,773","7,39,105","1,73,021","92,492","80,529","12,30,218","6,91,161","5,39,057",845,871,85.38,88.35,81.85
03,PUNJAB,15,Amritsar,UA,"11,83,705","6,30,114","5,53,591","1,15,368","63,238","52,130","9,04,190","4,95,804","4,08,386",879,824,84.64,87.46,81.44
03,PUNJAB,03,Jalandhar,UA,"8,73,725","4,63,975","4,09,750","84,886","45,459","39,427","6,74,166","3,68,174","3,05,992",883,867,85.46,87.97,82.63
03,PUNJAB,14,Patiala,UA,"4,45,196","2,36,238","2,08,958","42,458","22,865","19,593","3,48,891","1,91,651","1,57,240",885,857,86.63,89.82,83.04
03,PUNJAB,12,Bathinda,City,"2,85,813","1,51,782","1,34,031","30,713","16,472","14,241","2,11,318","1,18,888","92,430",883,865,82.84,87.86,77.16
03,PUNJAB,18,S.A.S.Nagar,UA,"1,76,152","92,407","83,745","16,148","8,620","7,528","1,48,862","79,486","69,376",906,873,93.04,94.87,91.02
03,PUNJAB,04,Hoshiarpur,City,"1,68,443","88,290","80,153","16,836","9,178","7,658","1,35,094","72,533","62,561",908,834,89.11,91.68,86.30
03,PUNJAB,01,Pathankot,UA,"1,59,909","84,145","75,764","14,734","8,183","6,551","1,28,778","69,945","58,833",900,801,88.71,92.08,85.00
03,PUNJAB,08,Moga,UA,"1,59,897","84,808","75,089","16,447","8,850","7,597","1,16,800","64,123","52,677",885,858,81.42,84.42,78.05
03,PUNJAB,01,Batala,UA,"1,58,404","83,536","74,868","14,943","8,145","6,798","1,22,350","66,809","55,541",896,835,85.28,88.62,81.59
03,PUNJAB,09,Abohar,City,"1,45,238","76,840","68,398","15,870","8,587","7,283","1,03,319","58,347","44,972",890,848,79.86,85.49,73.59
03,PUNJAB,19,Malerkotla,City,"1,35,330","71,401","63,929","16,315","8,365","7,950","83,606","47,164","36,442",895,950,70.25,74.82,65.10
03,PUNJAB,07,Khanna,City,"1,28,130","67,811","60,319","13,218","7,232","5,986","97,022","53,108","43,914",890,828,84.43,87.67,80.82
03,PUNJAB,02,Phagwara,UA,"1,17,954","62,171","55,783","11,622","6,062","5,560","92,971","51,022","41,949",897,917,87.43,90.93,83.53
03,PUNJAB,10,Muktsar,City,"1,17,085","62,005","55,080","13,639","7,448","6,191","79,979","45,007","34,972",888,831,77.31,82.50,71.53
03,PUNJAB,20,Barnala (M Cl),City,"1,16,454","62,302","54,152","12,984","7,096","5,888","82,347","46,100","36,247",869,830,79.59,83.51,75.10
03,PUNJAB,09,Firozpur (M Cl),City,"1,10,091","58,401","51,690","11,516","6,262","5,254","78,615","43,468","35,147",885,839,79.75,83.37,75.69
03,PUNJAB,02,Kapurthala (M Cl),City,"1,01,654","55,485","46,169","9,706","5,162","4,544","78,914","44,399","34,515",832,880,85.82,88.23,82.92
04,CHANDIGARH,01,Chandigarh UA,UA,"10,25,682","5,63,127","4,62,555","1,13,698","60,902","52,796","7,89,436","4,55,276","3,34,160",821,867,86.56,90.65,81.55
05,UTTARAKHAND,05,Dehradun UA,UA,"7,14,223","3,77,174","3,37,049","72,859","39,047","33,812","5,77,303","3,15,896","2,61,407",894,866,90.01,93.43,86.21
05,UTTARAKHAND,13,Hardwar UA,UA,"3,10,562","1,65,667","1,44,895","36,819","19,697","17,122","2,33,857","1,31,004","1,02,853",875,869,85.43,89.75,80.50
05,UTTARAKHAND,13,Roorkee UA,UA,"2,73,502","1,48,042","1,25,460","32,729","17,866","14,863","2,02,946","1,17,028","85,918",847,832,84.29,89.90,77.69
05,UTTARAKHAND,11,Haldwani-cum-Kathgodam UA,UA,"2,32,060","1,21,363","1,10,697","27,906","14,817","13,089","1,73,874","94,063","79,811",912,883,85.17,88.28,81.77
05,UTTARAKHAND,12,Rudrapur UA,UA,"1,54,485","81,527","72,958","21,443","11,249","10,194","99,665","57,368","42,297",895,906,74.91,81.63,67.39
05,UTTARAKHAND,12,Kashipur (NPP),City,"1,21,610","63,625","57,985","14,381","7,792","6,589","89,433","49,030","40,403",911,846,83.40,87.82,78.61
05,UTTARAKHAND,05,Rishikesh UA,UA,"1,02,158","54,466","47,692","11,507","6,259","5,248","78,738","44,453","34,285",876,838,86.86,92.21,80.78
06,HARYANA,20,Faridabad (M Corp.),City,"14,04,653","7,50,446","6,54,207","1,76,773","95,808","80,965","10,42,168","5,92,024","4,50,144",872,845,84.88,90.44,78.53
06,HARYANA,18,Gurgaon UA,UA,"9,01,968","4,88,808","4,13,160","1,12,094","60,766","51,328","6,80,955","3,83,441","2,97,514",845,845,86.21,89.58,82.22
06,HARYANA,07,Panipat UA,UA,"4,42,277","2,37,006","2,05,271","56,581","30,579","26,002","3,15,317","1,80,281","1,35,036",866,850,81.75,87.33,75.33
06,HARYANA,03,Yamunanagar UA,UA,"3,83,318","2,05,346","1,77,972","40,950","22,450","18,500","2,93,475","1,63,791","1,29,684",867,824,85.72,89.55,81.32
06,HARYANA,14,Rohtak (M Cl),City,"3,73,133","1,97,754","1,75,379","40,715","22,711","18,004","2,79,509","1,55,679","1,23,830",887,793,84.08,88.94,78.68
06,HARYANA,12,Hisar UA,UA,"3,06,893","1,66,623","1,40,270","34,005","18,268","15,737","2,21,498","1,27,996","93,502",842,861,81.17,86.28,75.08
06,HARYANA,06,Karnal UA,UA,"3,03,425","1,60,659","1,42,766","33,321","18,450","14,871","2,32,334","1,28,508","1,03,826",889,806,86.02,90.37,81.18
06,HARYANA,08,Sonipat UA,UA,"2,92,339","1,56,246","1,36,093","32,932","18,457","14,475","2,26,261","1,28,216","98,045",871,784,87.22,93.05,80.62
06,HARYANA,01,Panchkula (M Cl),City,"2,10,175","1,11,622","98,553","22,111","12,024","10,087","1,65,235","90,938","74,297",883,839,87.86,91.31,83.98
06,HARYANA,02,Ambala UA,UA,"2,07,934","1,12,840","95,094","20,687","11,257","9,430","1,67,233","93,215","74,018",843,838,89.31,91.76,86.41
06,HARYANA,13,Bhiwani (M Cl),City,"1,97,662","1,05,372","92,290","22,507","12,444","10,063","1,47,807","84,028","63,779",876,809,84.39,90.42,77.56
06,HARYANA,02,Ambala (M Cl),City,"1,96,216","1,03,533","92,683","19,645","10,713","8,932","1,55,780","85,004","70,776",895,834,88.23,91.58,84.51
06,HARYANA,11,Sirsa (M Cl),City,"1,83,282","96,806","86,476","20,161","11,161","9,000","1,35,435","75,796","59,639",893,806,83.03,88.50,76.98
06,HARYANA,15,Bahadurgarh (M Cl),City,"1,70,426","91,736","78,690","20,374","11,420","8,954","1,32,108","75,714","56,394",858,784,88.04,94.27,80.87
06,HARYANA,09,Jind (M Cl),City,"1,66,225","88,561","77,664","18,825","10,280","8,545","1,23,267","71,129","52,138",877,831,83.63,90.86,75.43
06,HARYANA,04,Thanesar (M Cl),City,"1,54,962","83,655","71,307","15,594","8,401","7,193","1,19,482","67,646","51,836",852,856,85.73,89.89,80.85
06,HARYANA,05,Kaithal (M Cl),City,"1,44,633","76,657","67,976","16,690","9,156","7,534","1,03,329","59,162","44,167",887,823,80.76,87.65,73.07
06,HARYANA,17,Rewari (M Cl),City,"1,40,864","74,689","66,175","15,986","8,958","7,028","1,10,205","61,933","48,272",886,785,88.25,94.22,81.61
06,HARYANA,21,Palwal UA,UA,"1,31,121","69,560","61,561","16,196","8,903","7,293","92,964","53,250","39,714",885,819,80.89,87.79,73.18
07,NCT OF DELHI,99,Delhi UA,UA,"1,63,14,838","87,39,213","75,75,625","19,12,253","10,23,534","8,88,719","1,24,48,848","70,25,273","54,23,575",867,868,86.43,91.05,81.11
08,RAJASTHAN,12,Jaipur (M Corp.),City,"30,73,350","16,19,280","14,54,070","3,78,788","2,04,320","1,74,468","22,72,724","12,82,140","9,90,584",898,854,84.34,90.61,77.41
08,RAJASTHAN,15,Jodhpur UA,UA,"11,37,815","5,99,332","5,38,483","1,40,703","74,225","66,478","8,07,733","4,62,139","3,45,594",898,896,81.01,88.01,73.22
08,RAJASTHAN,29,Kota (M Corp.),City,"10,01,365","5,29,795","4,71,570","1,18,139","62,958","55,181","7,38,795","4,22,767","3,16,028",890,876,83.65,90.56,75.90
08,RAJASTHAN,03,Bikaner (M Corp.),City,"6,47,804","3,40,894","3,06,910","82,264","43,280","38,984","4,51,663","2,59,367","1,92,296",900,901,79.86,87.15,71.77
08,RAJASTHAN,21,Ajmer UA,UA,"5,51,360","2,83,340","2,68,020","60,701","32,251","28,450","4,28,795","2,34,020","1,94,775",946,882,87.39,93.20,81.30
08,RAJASTHAN,32,Udaipur UA,UA,"4,75,150","2,46,856","2,28,294","49,966","26,724","23,242","3,84,481","2,10,017","1,74,464",925,870,90.43,95.41,85.08
08,RAJASTHAN,24,Bhilwara (M Cl),City,"3,60,009","1,87,952","1,72,057","45,832","24,215","21,617","2,64,762","1,50,306","1,14,456",915,893,84.27,91.80,76.08
08,RAJASTHAN,06,Alwar UA,UA,"3,41,383","1,80,680","1,60,703","38,359","20,876","17,483","2,61,057","1,49,433","1,11,624",889,837,86.15,93.51,77.94
08,RAJASTHAN,07,Bharatpur UA,UA,"2,52,606","1,34,348","1,18,258","31,617","17,288","14,329","1,81,423","1,05,814","75,609",880,829,82.10,90.39,72.75
08,RAJASTHAN,01,Ganganagar UA,UA,"2,50,041","1,34,435","1,15,606","27,850","15,311","12,539","1,83,757","1,05,504","78,253",860,819,82.70,88.57,75.92
08,RAJASTHAN,13,Sikar UA,UA,"2,44,563","1,26,964","1,17,599","32,967","17,686","15,281","1,63,461","94,468","68,993",926,864,77.25,86.45,67.43
08,RAJASTHAN,20,Pali (M Cl),City,"2,29,956","1,20,008","1,09,948","30,566","16,257","14,309","1,56,858","92,705","64,153",916,880,78.67,89.35,67.08
08,RAJASTHAN,22,Tonk (M Cl),City,"1,65,363","84,927","80,436","23,122","12,280","10,842","98,819","57,170","41,649",947,883,69.47,78.70,59.85
08,RAJASTHAN,21,Kishangarh (M Cl),City,"1,55,019","80,343","74,676","21,765","11,602","10,163","1,06,809","61,313","45,496",929,876,80.15,89.19,70.52
08,RAJASTHAN,21,Beawar UA,UA,"1,51,472","77,882","73,590","18,406","9,801","8,605","1,14,307","63,648","50,659",945,878,85.90,93.49,77.95
08,RAJASTHAN,02,Total Hanumangarh (M Cl),City,"1,51,104","79,817","71,287","17,947","9,709","8,238","1,04,285","59,883","44,402",893,848,78.32,85.42,70.42
08,RAJASTHAN,08,Dhaulpur UA,UA,"1,33,229","71,481","61,748","18,361","10,075","8,286","88,107","51,933","36,174",864,822,76.70,84.57,67.66
08,RAJASTHAN,10,Gangapur City UA,UA,"1,30,030","68,643","61,387","17,591","9,502","8,089","89,712","53,736","35,976",894,851,79.79,90.86,67.50
08,RAJASTHAN,10,Sawai Madhopur (M),City,"1,20,998","63,223","57,775","15,286","8,170","7,116","85,472","50,438","35,034",914,871,80.85,91.62,69.16
08,RAJASTHAN,04,Churu UA,UA,"1,20,147","61,936","58,211","16,368","8,532","7,836","77,972","46,198","31,774",940,918,75.13,86.51,63.07
08,RAJASTHAN,05,Jhunjhunun (M Cl),City,"1,18,966","61,906","57,060","16,563","8,887","7,676","76,183","44,962","31,221",922,864,74.40,84.80,63.22
08,RAJASTHAN,30,Baran (M),City,"1,18,157","61,360","56,797","14,845","7,842","7,003","83,879","48,209","35,670",926,893,81.19,90.08,71.64
08,RAJASTHAN,28,Chittaurgarh (M),City,"1,16,409","60,229","56,180","14,067","7,473","6,594","86,945","48,624","38,321",933,882,84.96,92.17,77.28
08,RAJASTHAN,14,Makrana UA,UA,"1,16,245","60,080","56,165","19,504","10,230","9,274","63,437","38,039","25,398",935,907,65.57,76.31,54.16
08,RAJASTHAN,14,Nagaur UA,UA,"1,08,540","56,310","52,230","14,022","7,461","6,561","69,065","40,261","28,804",928,879,73.07,82.42,63.07
08,RAJASTHAN,09,Hindaun (M),City,"1,05,690","56,178","49,512","15,451","8,345","7,106","69,108","41,993","27,115",881,852,76.58,87.79,63.94
08,RAJASTHAN,06,Bhiwadi (M),City,"1,04,883","59,757","45,126","16,884","9,080","7,804","70,987","44,697","26,290",755,859,80.67,88.20,70.44
08,RAJASTHAN,23,Bundi UA,UA,"1,04,457","54,155","50,302","12,320","6,558","5,762","75,778","42,838","32,940",929,879,82.24,90.00,73.96
08,RAJASTHAN,04,Sujangarh (M),City,"1,01,528","52,078","49,450","14,723","7,775","6,948","64,716","37,914","26,802",950,894,74.55,85.58,63.06
08,RAJASTHAN,27,Banswara UA,UA,"1,01,177","51,941","49,236","12,337","6,645","5,692","77,311","42,036","35,275",948,857,87.02,92.80,81.01
09,UTTAR PRADESH,33,Kanpur UA,UA,"29,20,067","15,84,967","13,35,100","2,66,336","1,43,523","1,22,813","22,28,473","12,35,685","9,92,788",842,856,83.98,85.73,81.89
09,UTTAR PRADESH,26,Lucknow UA,UA,"29,01,474","15,18,951","13,82,523","2,89,375","1,52,225","1,37,150","22,12,850","12,00,843","10,12,007",910,901,84.72,87.86,81.26
09,UTTAR PRADESH,09,Ghaziabad UA,UA,"23,58,525","12,56,783","11,01,742","3,08,717","1,67,038","1,41,679","19,22,992","9,92,243","9,30,749",877,848,93.81,91.05,96.95
09,UTTAR PRADESH,15,Agra UA,UA,"17,46,467","9,42,441","8,04,026","2,10,036","1,17,986","92,050","9,92,644","5,70,593","4,22,051",853,780,64.61,69.21,59.28
09,UTTAR PRADESH,66,Varanasi UA,UA,"14,35,113","7,61,060","6,74,053","1,57,482","83,895","73,587","10,26,032","5,73,353","4,52,679",886,877,80.31,84.67,75.39
09,UTTAR PRADESH,07,Meerut UA,UA,"14,24,908","7,54,857","6,70,051","1,76,770","95,685","81,085","9,77,188","5,52,000","4,25,188",888,847,78.29,83.74,72.19
09,UTTAR PRADESH,44,Allahabad UA,UA,"12,16,719","6,55,734","5,60,985","1,12,023","59,807","52,216","9,50,676","5,35,385","4,15,291",856,873,86.06,89.84,81.63
09,UTTAR PRADESH,19,Bareilly UA,UA,"9,79,933","5,22,385","4,57,548","1,04,560","55,307","49,253","6,21,228","3,50,726","2,70,502",876,891,70.97,75.09,66.25
09,UTTAR PRADESH,12,Aligarh UA,UA,"9,09,559","4,82,828","4,26,731","1,18,778","63,420","55,358","5,57,833","3,17,990","2,39,843",884,873,70.54,75.82,64.58
09,UTTAR PRADESH,04,Moradabad (M Corp.),City,"8,89,810","4,66,432","4,23,378","1,10,376","57,999","52,377","5,50,637","3,02,447","2,48,190",908,903,70.65,74.05,66.90
09,UTTAR PRADESH,01,Saharanpur (M Corp.),City,"7,03,345","3,71,858","3,31,487","88,501","47,024","41,477","4,79,218","2,65,417","2,13,801",891,882,77.94,81.71,73.72
09,UTTAR PRADESH,57,Gorakhpur UA,UA,"6,92,519","3,65,148","3,27,371","65,078","34,478","30,600","5,37,356","2,99,268","2,38,088",897,888,85.64,90.50,80.23
09,UTTAR PRADESH,10,Noida (CT),CT,"6,42,381","3,52,577","2,89,804","83,530","44,493","39,037","4,95,045","2,86,216","2,08,829",822,877,88.58,92.90,83.28
09,UTTAR PRADESH,16,Firozabad (NPP),City,"6,03,797","3,21,624","2,82,173","82,439","43,543","38,896","3,65,347","2,08,434","1,56,913",877,893,70.08,74.95,64.50
09,UTTAR PRADESH,35,Jhansi UA,UA,"5,49,391","2,92,497","2,56,894","56,230","30,199","26,031","4,16,266","2,35,174","1,81,092",878,862,84.41,89.66,78.44
09,UTTAR PRADESH,02,Muzaffarnagar UA,UA,"4,94,792","2,61,338","2,33,454","64,696","35,120","29,576","3,39,129","1,90,126","1,49,003",893,842,78.85,84.05,73.08
09,UTTAR PRADESH,14,Mathura UA,UA,"4,54,937","2,44,333","2,10,604","56,267","30,495","25,772","3,07,427","1,77,630","1,29,797",862,845,77.11,83.07,70.22
09,UTTAR PRADESH,05,Rampur UA,UA,"3,49,062","1,82,325","1,66,737","41,769","21,742","20,027","1,83,011","1,00,067","82,944",915,921,59.56,62.31,56.54
09,UTTAR PRADESH,21,Shahjahanpur UA,UA,"3,46,103","1,83,087","1,63,016","38,736","20,602","18,134","2,14,573","1,20,079","94,494",890,880,69.81,73.90,65.22
09,UTTAR PRADESH,28,Farrukhabad-cum-Fatehgarh UA,UA,"2,90,540","1,54,630","1,35,910","33,944","18,220","15,724","1,93,997","1,08,989","85,008",879,863,75.60,79.90,70.73
09,UTTAR PRADESH,61,Maunath Bhanjan (NPP),City,"2,79,060","1,43,273","1,35,787","40,651","20,820","19,831","1,87,382","1,02,802","84,580",948,952,78.60,83.95,72.94
09,UTTAR PRADESH,09,Hapur (NPP),City,"2,62,801","1,39,694","1,23,107","36,714","19,822","16,892","1,70,325","98,394","71,931",881,852,75.34,82.08,67.72
09,UTTAR PRADESH,46,Faizabad UA,UA,"2,59,160","1,39,074","1,20,086","25,436","13,341","12,095","1,99,700","1,12,075","87,625",863,907,85.44,89.14,81.14
09,UTTAR PRADESH,30,Etawah (NPP),City,"2,56,790","1,35,829","1,20,961","28,922","15,521","13,401","1,88,887","1,04,612","84,275",891,863,82.89,86.95,78.35
09,UTTAR PRADESH,68,Mirzapur-cum-Vindhyachal UA,UA,"2,45,817","1,31,534","1,14,283","29,619","15,729","13,890","1,68,318","96,834","71,484",869,883,77.85,83.62,71.20
09,UTTAR PRADESH,11,Bulandshahr UA,UA,"2,35,310","1,23,549","1,11,761","30,886","16,966","13,920","1,60,203","90,761","69,442",905,820,78.37,85.16,70.97
09,UTTAR PRADESH,04,Sambhal (NPP),City,"2,21,334","1,16,008","1,05,326","34,279","17,702","16,577","92,608","51,382","41,226",908,936,49.51,52.27,46.45
09,UTTAR PRADESH,06,Amroha (NPP),City,"1,97,135","1,02,804","94,331","26,855","13,799","13,056","1,08,772","60,621","48,151",918,946,63.88,68.11,59.24
09,UTTAR PRADESH,24,Hardoi UA,UA,"1,97,046","1,04,201","92,845","21,719","11,528","10,191","1,45,999","81,593","64,406",891,884,83.27,88.04,77.92
09,UTTAR PRADESH,41,Fatehpur (NPP),City,"1,93,801","1,01,620","92,181","22,078","11,850","10,228","1,33,418","74,561","58,857",907,863,77.69,83.06,71.82
09,UTTAR PRADESH,27,Rae Bareli (NPP),City,"1,91,056","99,844","91,212","18,866","9,886","8,980","1,42,863","78,519","64,344",914,908,82.97,87.28,78.25
09,UTTAR PRADESH,34,Orai UA,UA,"1,90,625","1,01,434","89,191","20,424","11,075","9,349","1,41,856","81,026","60,830",879,844,83.35,89.67,76.19
09,UTTAR PRADESH,23,Sitapur UA,UA,"1,88,230","99,129","89,101","19,721","10,492","9,229","1,39,895","76,643","63,252",899,880,83.02,86.47,79.19
09,UTTAR PRADESH,49,Bahraich (NPP),City,"1,86,241","98,529","87,712","22,828","12,046","10,782","1,22,602","66,544","56,058",890,895,75.03,76.94,72.87
09,UTTAR PRADESH,09,Modinagar UA,UA,"1,82,811","97,335","85,476","21,441","11,898","9,543","1,40,441","79,638","60,803",878,802,87.03,93.21,80.07
09,UTTAR PRADESH,25,Unnao (NPP),City,"1,78,681","94,080","84,601","18,604","9,949","8,655","1,34,018","73,411","60,607",899,870,83.72,87.26,79.80
09,UTTAR PRADESH,63,Jaunpur (NPP),City,"1,68,128","88,704","79,424","18,033","9,449","8,584","1,23,245","68,005","55,240",895,908,82.11,85.81,77.98
09,UTTAR PRADESH,22,Lakhimpur UA,UA,"1,64,925","87,908","77,017","18,174","9,724","8,450","1,22,979","68,190","54,789",876,869,83.80,87.22,79.91
09,UTTAR PRADESH,13,Hathras UA,UA,"1,61,289","86,028","75,261","20,279","11,033","9,246","1,10,061","62,404","47,657",875,838,78.05,83.21,72.19
09,UTTAR PRADESH,39,Banda UA,UA,"1,60,432","85,473","74,959","18,317","9,670","8,647","1,18,826","67,697","51,129",877,894,83.61,89.31,77.10
09,UTTAR PRADESH,20,Pilibhit UA,UA,"1,60,146","84,546","75,600","16,089","8,415","7,674","1,04,149","57,604","46,545",894,912,72.30,75.66,68.52
09,UTTAR PRADESH,18,Budaun (NPP),City,"1,59,221","83,475","75,746","19,613","10,420","9,193","1,01,914","56,012","45,902",907,882,73.00,76.67,68.97
09,UTTAR PRADESH,65,Mughalsarai UA,UA,"1,54,692","81,524","73,168","19,055","10,078","8,977","1,05,904","60,152","45,752",898,891,78.08,84.19,71.27
09,UTTAR PRADESH,45,Barabanki UA,UA,"1,46,831","77,766","69,065","16,093","8,434","7,659","1,06,097","58,608","47,489",888,908,81.15,84.53,77.34
09,UTTAR PRADESH,11,Khurja UA,UA,"1,42,636","75,384","67,252","20,072","10,995","9,077","84,220","48,765","35,455",892,826,68.72,75.73,60.95
09,UTTAR PRADESH,52,Gonda UA,UA,"1,38,929","71,475","67,454","15,608","8,253","7,355","99,057","55,067","43,990",944,891,80.32,87.10,73.20
09,UTTAR PRADESH,17,Mainpuri UA,UA,"1,33,078","69,788","63,290","16,371","8,827","7,544","99,977","54,592","45,385",907,855,85.66,89.55,81.41
09,UTTAR PRADESH,36,Lalitpur (NPP),City,"1,33,041","69,548","63,493","16,193","8,413","7,780","98,108","55,330","42,778",913,925,83.96,90.50,76.78
09,UTTAR PRADESH,70,Etah UA,UA,"1,31,023","69,446","61,577","15,890","8,485","7,405","98,581","54,794","43,787",887,873,85.62,89.88,80.83
09,UTTAR PRADESH,59,Deoria (NPP),City,"1,29,570","67,754","61,816","13,821","7,243","6,578","1,02,802","56,719","46,083",912,908,88.81,93.73,83.43
09,UTTAR PRADESH,64,Ghazipur UA,UA,"1,21,136","63,689","57,447","13,986","7,488","6,498","91,049","50,711","40,338",902,868,84.97,90.23,79.17
09,UTTAR PRADESH,48,Sultanpur UA,UA,"1,16,211","61,062","55,149","12,368","6,577","5,791","90,980","49,828","41,152",903,880,87.61,91.45,83.37
09,UTTAR PRADESH,60,Azamgarh UA,UA,"1,16,165","60,678","55,487","13,287","7,136","6,151","88,748","48,716","40,032",914,862,86.27,90.99,81.14
09,UTTAR PRADESH,03,Bijnor UA,UA,"1,15,381","60,656","54,725","14,499","7,760","6,739","78,584","43,122","35,462",902,868,77.90,81.52,73.90
09,UTTAR PRADESH,54,Basti (NPP),City,"1,14,651","60,126","54,525","12,568","6,541","6,027","87,065","48,473","38,592",907,921,85.29,90.46,79.57
09,UTTAR PRADESH,04,Chandausi (NPP),City,"1,14,254","60,238","54,016","14,417","7,730","6,687","72,515","40,323","32,192",897,865,72.63,76.79,68.02
09,UTTAR PRADESH,47,Akbarpur (NPP),City,"1,11,594","57,560","54,034","14,037","7,247","6,790","75,062","42,208","32,854",939,937,76.94,83.89,69.54
09,UTTAR PRADESH,62,Ballia UA,UA,"1,11,287","59,340","51,947","11,522","6,145","5,377","86,442","48,425","38,017",875,875,86.65,91.03,81.63
09,UTTAR PRADESH,60,Mubarakpur UA,UA,"1,09,539","55,946","53,593","16,147","8,168","7,979","64,678","34,825","29,853",958,977,69.25,72.89,65.45
09,UTTAR PRADESH,10,Greater Noida (CT),CT,"1,07,676","58,662","49,014","15,517","8,512","7,005","79,757","45,878","33,879",836,823,86.54,91.48,80.65
09,UTTAR PRADESH,16,Shikohabad (NPP),City,"1,07,300","57,017","50,283","12,956","7,106","5,850","77,060","43,030","34,030",882,823,81.68,86.21,76.59
09,UTTAR PRADESH,02,Shamli (NPP),City,"1,07,233","57,236","49,997","13,724","7,634","6,090","76,650","43,469","33,181",874,798,81.97,87.64,75.57
09,UTTAR PRADESH,08,Baraut (NPP),City,"1,02,733","54,521","48,212","13,536","7,387","6,149","69,559","39,900","29,659",884,832,77.98,84.65,70.51
09,UTTAR PRADESH,71,Kasganj (NPP),City,"1,01,241","53,507","47,734","13,043","7,139","5,904","69,289","38,933","30,356",892,827,78.56,83.97,72.57
10,BIHAR,28,Patna UA,UA,"20,46,652","10,87,864","9,58,788","2,39,035","1,27,866","1,11,169","15,19,295","8,39,640","6,79,655",881,869,84.05,87.46,80.18
10,BIHAR,34,Gaya UA,UA,"4,70,839","2,49,797","2,21,042","59,669","31,323","28,346","3,51,365","1,97,004","1,54,361",885,905,85.45,90.17,80.11
10,BIHAR,22,Bhagalpur UA,UA,"4,10,210","2,18,284","1,91,926","55,898","29,081","26,817","2,86,125","1,60,720","1,25,405",879,922,80.76,84.95,75.95
10,BIHAR,14,Muzaffarpur UA,UA,"3,93,724","2,08,509","1,85,215","47,784","25,300","22,484","2,94,297","1,62,629","1,31,668",888,889,85.07,88.77,80.91
10,BIHAR,09,Purnia UA,UA,"3,10,817","1,63,892","1,46,925","45,730","23,519","22,211","1,96,272","1,11,028","85,244",896,944,74.04,79.09,68.35
10,BIHAR,13,Darbhanga UA,UA,"3,06,089","1,61,346","1,44,743","42,213","22,176","20,037","2,13,048","1,20,206","92,842",897,904,80.74,86.37,74.45
10,BIHAR,27,Biharsharif (M Corp.),City,"2,96,889","1,54,915","1,41,974","43,646","22,758","20,888","1,89,420","1,10,247","79,173",916,918,74.80,83.42,65.39
10,BIHAR,29,Arrah (M Corp.),City,"2,61,099","1,39,319","1,21,780","34,419","18,356","16,063","1,89,080","1,07,822","81,258",874,875,83.41,89.14,76.86
10,BIHAR,20,Begusarai (M Corp.),City,"2,51,136","1,33,931","1,17,205","37,966","20,012","17,954","1,69,161","96,459","72,702",875,897,79.35,84.67,73.25
10,BIHAR,10,Katihar UA,UA,"2,40,565","1,26,834","1,13,731","32,824","16,983","15,841","1,66,388","93,641","72,747",897,933,80.09,85.24,74.32
10,BIHAR,24,Munger (M Corp.),City,"2,13,101","1,13,173","99,928","29,260","15,323","13,937","1,50,435","84,571","65,864",883,910,81.83,86.43,76.59
10,BIHAR,17,Chapra UA,UA,"2,12,955","1,12,280","1,00,675","29,133","15,308","13,825","1,48,922","83,270","65,652",897,903,81.01,85.87,75.59
10,BIHAR,01,Bettiah UA,UA,"1,56,200","82,663","73,537","22,067","11,653","10,414","1,08,494","60,463","48,031",890,894,80.89,85.15,76.09
10,BIHAR,12,Saharsa (NP),City,"1,55,175","82,589","72,586","24,582","12,814","11,768","1,01,425","58,689","42,736",879,918,77.66,84.11,70.27
10,BIHAR,32,Sasaram (NP),City,"1,47,396","77,687","69,709","19,363","10,189","9,174","1,05,378","58,900","46,478",897,900,82.31,87.26,76.78
10,BIHAR,18,Hajipur (NP),City,"1,47,126","78,561","68,565","20,090","10,694","9,396","1,00,691","57,537","43,154",873,879,79.26,84.78,72.93
10,BIHAR,32,Dehri (NP),City,"1,37,068","72,311","64,757","18,372","9,570","8,802","98,968","56,416","42,552",896,920,83.38,89.92,76.05
10,BIHAR,16,Siwan (NP),City,"1,34,458","70,670","63,788","17,632","9,440","8,192","98,898","56,152","42,746",903,868,84.65,91.71,76.89
10,BIHAR,02,Motihari (NP),City,"1,25,183","67,438","57,745","16,325","8,891","7,434","94,926","52,904","42,022",856,836,87.20,90.36,83.52
10,BIHAR,35,Nawada UA,UA,"1,18,820","62,361","56,459","16,475","8,453","8,022","83,715","46,497","37,218",905,949,81.80,86.25,76.84
10,BIHAR,01,Bagaha (NP),City,"1,13,012","59,946","53,066","19,070","9,802","9,268","56,998","34,751","22,247",885,946,60.67,69.30,50.79
10,BIHAR,30,Buxar UA,UA,"1,10,608","58,228","52,380","14,938","7,904","7,034","80,747","45,435","35,312",900,890,84.40,90.28,77.87
10,BIHAR,08,Kishanganj (NP),City,"1,07,076","55,688","51,388","17,017","8,743","8,274","67,286","37,482","29,804",923,946,74.71,79.84,69.13
10,BIHAR,04,Sitamarhi UA,UA,"1,05,924","56,526","49,398","15,032","8,050","6,982","71,709","40,592","31,117",874,867,78.89,83.74,73.36
10,BIHAR,24,Jamalpur (NP),City,"1,05,221","56,231","48,990","12,298","6,587","5,711","81,192","45,961","35,231",871,867,87.38,92.58,81.40
10,BIHAR,37,Jehanabad (NP),City,"1,02,456","54,868","47,588","14,516","7,706","6,810","70,052","39,889","30,163",867,884,79.66,84.58,73.97
10,BIHAR,33,Aurangabad (NP),City,"1,01,520","53,307","48,213","14,292","7,548","6,744","75,796","42,338","33,458",904,893,86.89,92.52,80.68
13,NAGALAND,05,Dimapur (MC),City,"1,23,777","65,017","58,760","14,438","7,345","7,093","95,646","51,604","44,042",904,966,87.48,89.48,85.24
14,MANIPUR ,99,Imphal UA,UA,"4,14,288","2,01,635","2,12,653","43,917","22,542","21,375","3,33,588","1,70,395","1,63,193",1055,948,90.07,95.14,85.32
15,MIZORAM,03,Aizawl (NT),City,"2,91,822","1,43,803","1,48,019","35,147","17,667","17,480","2,53,588","1,25,256","1,28,332",1029,989,98.80,99.30,98.31
16,TRIPURA,01,Agartala (M Cl),City,"3,99,688","1,99,616","2,00,072","33,635","17,341","16,294","3,43,633","1,74,524","1,69,109",1002,940,93.88,95.75,92.02
17,MEGHALAYA,06,Shillong UA,UA,"3,54,325","1,76,591","1,77,734","40,494","20,941","19,553","2,87,141","1,45,730","1,41,411",1006,934,91.50,93.63,89.40
18,ASSAM,23,Guwahati UA,UA,"9,68,549","5,05,542","4,63,007","87,366","43,537","43,829","8,02,946","4,29,099","3,73,847",916,1007,91.12,92.88,89.19
18,ASSAM,17,Silchar UA,UA,"2,28,985","1,15,443","1,13,542","21,841","11,212","10,629","1,88,609","97,589","91,020",984,948,91.05,93.63,88.44
18,ASSAM,11,Dibrugarh UA,UA,"1,54,019","79,743","74,276","13,303","6,829","6,474","1,26,297","67,266","59,031",931,948,89.75,92.25,87.06
18,ASSAM,13,Jorhat UA,UA,"1,53,249","79,348","73,901","13,757","7,076","6,681","1,27,192","67,429","59,763",931,944,91.18,93.30,88.91
18,ASSAM,06,Nagaon UA,UA,"1,47,137","74,824","72,313","15,117","7,555","7,562","1,19,907","64,320","55,587",966,1001,90.82,95.62,85.85
18,ASSAM,10,Tinsukia UA,UA,"1,25,637","67,063","58,574","11,890","6,266","5,624","1,04,558","56,125","48,433",873,898,91.92,92.32,91.47
18,ASSAM,07,Tezpur UA,UA,"1,00,477","52,635","47,842","9,497","4,849","4,648","81,077","44,355","36,722",909,959,89.12,92.82,85.02
19,WEST BENGAL,99,Kolkata UA,UA,"1,41,12,536","73,19,682","67,92,854","10,63,394","5,46,373","5,17,021","1,15,26,635","61,59,091","53,67,544",928,946,88.33,90.93,85.53
19,WEST BENGAL,09,Asansol UA,UA,"12,43,008","6,47,831","5,95,177","1,32,560","69,051","63,509","8,88,324","4,99,532","3,88,792",919,920,80.00,86.31,73.13
19,WEST BENGAL,99,Siliguri UA,UA,"7,01,489","3,59,750","3,41,739","72,252","37,355","34,897","5,16,297","2,78,087","2,38,210",950,934,82.05,86.26,77.63
19,WEST BENGAL,09,Durgapur UA,UA,"5,81,409","3,01,700","2,79,709","51,930","26,688","25,242","4,64,340","2,53,051","2,11,289",927,946,87.70,92.01,83.03
19,WEST BENGAL,09,Barddhaman UA,UA,"3,47,016","1,77,055","1,69,961","25,069","12,900","12,169","2,85,300","1,51,395","1,33,905",960,943,88.62,92.23,84.86
19,WEST BENGAL,06,English Bazar UA,UA,"3,24,237","1,75,073","1,49,164","44,186","24,262","19,924","2,27,726","1,23,824","1,03,902",852,821,81.32,82.11,80.39
19,WEST BENGAL,07,Baharampur UA,UA,"3,05,609","1,56,489","1,49,120","23,182","11,877","11,305","2,49,617","1,31,561","1,18,056",953,952,88.38,90.98,85.66
19,WEST BENGAL,11,Habra UA,UA,"3,04,584","1,54,861","1,49,723","23,023","11,864","11,159","2,56,313","1,34,864","1,21,449",967,941,91.03,94.31,87.65
19,WEST BENGAL,18,Kharagpur UA,UA,"2,93,719","1,50,487","1,43,232","25,130","12,923","12,207","2,29,952","1,24,412","1,05,540",952,945,85.61,90.44,80.55
19,WEST BENGAL,10,Santipur UA,UA,"2,88,718","1,47,299","1,41,419","24,006","12,303","11,703","2,18,828","1,17,371","1,01,457",960,951,82.67,86.94,78.21
19,WEST BENGAL,12,Dankuni UA,UA,"2,49,840","1,28,139","1,21,701","22,956","11,827","11,129","1,94,410","1,03,668","90,742",950,941,85.69,89.13,82.07
19,WEST BENGAL,07,Dhulian UA,UA,"2,39,022","1,19,151","1,19,871","45,483","22,981","22,502","1,16,233","63,607","52,626",1006,979,60.06,66.14,54.05
19,WEST BENGAL,10,Ranaghat UA,UA,"2,35,583","1,19,578","1,16,005","18,575","9,601","8,974","1,86,844","98,723","88,121",970,935,86.10,89.77,82.33
19,WEST BENGAL,19,Haldia (M),City,"2,00,762","1,04,852","95,910","21,122","10,799","10,323","1,59,984","88,125","71,859",915,956,89.06,93.70,83.96
19,WEST BENGAL,04,Raiganj UA,UA,"1,99,758","1,04,966","94,792","22,028","11,335","10,693","1,45,229","79,076","66,153",903,943,81.71,84.45,78.66
19,WEST BENGAL,10,Krishnanagar UA,UA,"1,81,182","91,583","89,599","13,663","7,095","6,568","1,47,565","76,746","70,819",978,926,88.09,90.84,85.29
19,WEST BENGAL,10,Nabadwip UA,UA,"1,75,474","90,810","84,664","13,049","6,741","6,308","1,37,367","74,561","62,806",932,936,84.57,88.69,80.15
19,WEST BENGAL,18,Medinipur (M),City,"1,69,127","85,362","83,765","14,365","7,259","7,106","1,39,303","72,948","66,355",981,979,90.01,93.40,86.56
19,WEST BENGAL,02,Jalpaiguri UA,UA,"1,69,013","85,226","83,787","14,522","7,441","7,081","1,32,911","69,531","63,380",983,952,86.03,89.39,82.63
19,WEST BENGAL,05,Balurghat UA,UA,"1,64,593","82,466","82,127","10,349","5,257","5,092","1,41,381","72,831","68,550",996,969,91.66,94.33,88.99
19,WEST BENGAL,11,Basirhat UA,UA,"1,44,891","73,491","71,400","12,578","6,495","6,083","1,14,952","60,499","54,453",972,937,86.88,90.30,83.37
19,WEST BENGAL,13,Bankura (M),City,"1,38,036","70,734","67,302","10,760","5,502","5,258","1,11,073","60,272","50,801",951,956,87.27,92.40,81.88
19,WEST BENGAL,10,Chakdaha UA,UA,"1,32,855","67,135","65,720","9,829","4,978","4,851","1,11,895","58,405","53,490",979,974,90.95,93.96,87.88
19,WEST BENGAL,01,Darjiling UA,UA,"1,32,016","65,839","66,177","7,382","3,862","3,520","1,16,126","59,536","56,590",1005,911,93.17,96.06,90.32
19,WEST BENGAL,02,Alipurduar UA,UA,"1,27,342","64,898","62,444","10,545","5,422","5,123","1,04,139","54,714","49,425",962,945,89.16,91.99,86.22
19,WEST BENGAL,14,Puruliya UA,UA,"1,26,894","65,334","61,560","12,116","6,221","5,895","93,578","52,118","41,460",942,948,81.53,88.17,74.48
19,WEST BENGAL,07,Jangipur UA,UA,"1,22,875","62,734","60,141","16,299","8,334","7,965","80,689","43,428","37,261",959,956,75.71,79.83,71.41
19,WEST BENGAL,11,Bongaon (M),City,"1,10,668","56,416","54,252","8,452","4,387","4,065","92,253","48,799","43,454",962,927,90.25,93.79,86.58
19,WEST BENGAL,03,Koch Bihar UA,UA,"1,06,760","53,803","52,957","7,910","4,053","3,857","90,698","47,016","43,682",984,952,91.75,94.50,88.97
20,JHARKHAND,99,Jamshedpur UA,UA,"13,37,131","6,96,858","6,40,273","1,53,872","81,190","72,682","10,16,910","5,62,304","4,54,606",919,895,85.94,91.33,80.09
20,JHARKHAND,09,Dhanbad UA,UA,"11,95,298","6,33,363","5,61,935","1,51,010","79,216","71,794","8,42,117","4,86,970","3,55,147",887,906,80.64,87.88,72.46
20,JHARKHAND,19,Ranchi UA,UA,"11,26,741","5,86,634","5,40,107","1,28,541","67,682","60,859","8,82,634","4,81,976","4,00,658",921,899,88.42,92.87,83.60
20,JHARKHAND,10,Bokaro Steel City UA,UA,"5,63,417","2,99,232","2,64,185","67,672","36,058","31,614","4,20,736","2,42,827","1,77,909",883,877,84.87,92.27,76.50
20,JHARKHAND,05,Deoghar (M Corp.),City,"2,03,116","1,08,243","94,873","25,929","13,907","12,022","1,53,807","87,540","66,267",876,864,86.80,92.80,79.98
20,JHARKHAND,10,Phusro UA,UA,"1,86,139","97,665","88,474","22,125","11,728","10,397","1,31,202","75,847","55,355",906,887,79.99,88.26,70.90
20,JHARKHAND,15,Hazaribag UA,UA,"1,53,599","80,095","73,504","17,276","9,108","8,168","1,22,881","66,602","56,279",918,897,90.14,93.82,86.14
20,JHARKHAND,04,Giridih UA,UA,"1,43,529","74,841","68,688","20,658","10,856","9,802","1,01,256","55,951","45,305",918,903,82.41,87.44,76.94
20,JHARKHAND,16,Ramgarh UA,UA,"1,32,441","70,879","61,562","17,086","9,082","8,004","95,714","55,352","40,362",869,881,82.97,89.57,75.36
20,JHARKHAND,13,Medini Nagar UA,UA,"1,19,972","63,244","56,728","13,752","7,199","6,553","94,361","52,392","41,969",897,910,88.84,93.48,83.65
20,JHARKHAND,09,Chirkunda UA,UA,"1,18,822","62,394","56,428","14,742","7,762","6,980","80,168","46,038","34,130",904,899,77.03,84.27,69.02
21,ORISSA,17,Bhubaneswar UA,UA,"8,81,988","4,68,302","4,13,686","79,706","41,875","37,831","7,46,162","4,07,910","3,38,252",883,903,93.00,95.66,90.00
21,ORISSA,12,Cuttack UA,UA,"6,58,986","3,31,246","3,27,740","53,760","28,089","25,671","5,50,935","2,95,792","2,55,143",989,914,91.03,97.57,84.47
21,ORISSA,05,Raurkela UA,UA,"5,52,970","2,91,027","2,61,943","56,950","30,088","26,862","4,31,080","2,39,588","1,91,492",900,893,86.91,91.82,81.46
21,ORISSA,19,Brahmapur Town (M Corp.),City,"3,55,823","1,85,584","1,70,239","29,509","15,544","13,965","2,93,818","1,59,550","1,34,268",917,898,90.04,93.83,85.92
21,ORISSA,03,Sambalpur UA,UA,"2,69,575","1,38,826","1,30,749","27,510","14,560","12,950","2,07,430","1,12,937","94,493",942,889,85.69,90.88,80.22
21,ORISSA,18,Puri Town (M),City,"2,01,026","1,04,267","96,759","17,000","8,939","8,061","1,64,481","88,504","75,977",928,902,89.38,92.84,85.66
21,ORISSA,08,Baleshwar UA,UA,"1,77,557","90,750","86,807","17,911","9,165","8,746","1,38,215","73,888","64,327",957,954,86.58,90.57,82.41
21,ORISSA,09,Bhadrak UA,UA,"1,29,152","66,368","62,784","14,492","7,449","7,043","93,121","50,550","42,571",946,945,81.21,85.80,76.37
21,ORISSA,07,Baripada UA,UA,"1,16,874","60,535","56,339","10,688","5,629","5,059","93,463","50,763","42,700",931,899,88.02,92.45,83.27
22,CHHATTISGARH,11,Raipur UA,UA,"11,22,555","5,78,339","5,44,216","1,42,826","73,940","68,886","8,46,952","4,64,669","3,82,283",941,932,86.45,92.12,80.42
22,CHHATTISGARH,10,Durg-Bhilainagar UA,UA,"10,64,077","5,45,683","5,18,394","1,16,977","60,601","56,376","8,24,189","4,51,691","3,72,498",950,930,87.02,93.12,80.62
22,CHHATTISGARH,07,Bilaspur UA,UA,"4,52,851","2,32,995","2,19,856","52,550","27,550","25,000","3,49,406","1,90,934","1,58,472",944,907,87.29,92.94,81.33
22,CHHATTISGARH,05,Korba UA,UA,"3,65,073","1,89,466","1,75,607","45,529","23,509","22,020","2,69,557","1,52,566","1,16,991",927,937,84.36,91.93,76.17
22,CHHATTISGARH,09,Rajnandgaon (M Corp.),City,"1,63,122","81,873","81,249","18,677","9,610","9,067","1,27,042","68,134","58,908",992,943,87.95,94.29,81.61
22,CHHATTISGARH,04,Raigarh UA,UA,"1,49,991","76,898","73,093","18,344","9,610","8,734","1,14,882","62,892","51,990",951,909,87.27,93.47,80.78
22,CHHATTISGARH,15,Jagdalpur (M Corp.),City,"1,25,345","63,910","61,435","13,804","7,192","6,612","95,303","51,905","43,398",961,919,85.44,91.51,79.16
22,CHHATTISGARH,02,Ambikapur UA,UA,"1,23,173","64,130","59,043","14,172","7,519","6,653","95,640","52,351","43,289",921,885,87.74,92.47,82.63
22,CHHATTISGARH,13,Dhamtari UA,UA,"1,01,645","50,769","50,876","11,283","5,780","5,503","77,655","41,912","35,743",1002,952,85.94,93.16,78.78
23,MADHYA PRADESH,22,Indore UA,UA,"21,67,447","11,29,348","10,38,099","2,54,108","1,34,644","1,19,464","16,59,399","9,09,361","7,50,038",919,887,86.73,91.42,81.65
23,MADHYA PRADESH,27,Bhopal UA,UA,"18,83,381","9,85,408","8,97,973","2,17,415","1,13,516","1,03,899","14,20,858","7,78,192","6,42,666",911,915,85.29,89.25,80.93
23,MADHYA PRADESH,34,Jabalpur UA,UA,"12,67,564","6,63,096","6,04,468","1,28,679","67,630","61,049","10,15,074","5,54,214","4,60,860",912,903,89.13,93.07,84.81
23,MADHYA PRADESH,04,Gwalior UA,UA,"11,01,981","5,88,752","5,13,229","1,20,347","65,968","54,379","8,35,334","4,74,648","3,60,686",872,824,85.10,90.79,78.61
23,MADHYA PRADESH,18,Ujjain (M Corp.),City,"5,15,215","2,65,291","2,49,924","57,630","30,007","27,623","3,91,470","2,14,481","1,76,989",942,921,85.55,91.16,79.62
23,MADHYA PRADESH,10,Sagar UA,UA,"3,70,296","1,94,659","1,75,637","43,835","22,723","21,112","2,93,742","1,62,354","1,31,388",902,929,89.98,94.43,85.03
23,MADHYA PRADESH,20,Dewas (M Corp.),City,"2,89,438","1,50,193","1,39,245","34,435","18,117","16,318","2,18,877","1,22,388","96,489",927,901,85.83,92.66,78.49
23,MADHYA PRADESH,12,Satna UA,UA,"2,83,004","1,49,460","1,33,544","32,066","17,122","14,944","2,16,641","1,21,772","94,869",894,873,86.33,92.02,79.99
23,MADHYA PRADESH,17,Ratlam UA,UA,"2,73,892","1,39,766","1,34,126","29,397","15,295","14,102","2,14,892","1,15,942","98,950",960,922,87.89,93.15,82.44
23,MADHYA PRADESH,13,Rewa (M Corp.),City,"2,35,422","1,24,634","1,10,788","24,234","13,131","11,103","1,85,291","1,03,599","81,692",889,846,87.74,92.91,81.95
23,MADHYA PRADESH,33,Murwara (Katni) (M Corp.),City,"2,21,875","1,15,463","1,06,412","25,168","13,299","11,869","1,71,966","94,777","77,189",922,892,87.42,92.77,81.64
23,MADHYA PRADESH,46,Singrauli (M Corp.),City,"2,20,295","1,17,276","1,03,019","29,569","15,438","14,131","1,47,527","87,870","59,657",878,915,77.35,86.28,67.11
23,MADHYA PRADESH,50,Burhanpur (M Corp.),City,"2,10,891","1,08,234","1,02,657","28,107","14,628","13,479","1,49,339","80,909","68,430",948,921,81.70,86.44,76.73
23,MADHYA PRADESH,49,Khandwa (M Corp.),City,"2,00,681","1,02,873","97,808","24,079","12,659","11,420","1,53,609","82,575","71,034",951,902,86.98,91.53,82.23
23,MADHYA PRADESH,02,Morena (M),City,"2,00,506","1,08,405","92,101","26,454","14,636","11,818","1,39,903","83,531","56,372",850,807,80.38,89.08,70.22
23,MADHYA PRADESH,03,Bhind (M),City,"1,97,332","1,05,394","91,938","24,486","13,319","11,167","1,45,530","83,903","61,627",872,838,84.20,91.12,76.30
23,MADHYA PRADESH,38,Chhindwara UA,UA,"1,90,008","97,040","92,968","19,227","9,885","9,342","1,52,429","81,728","70,701",958,945,89.25,93.77,84.54
23,MADHYA PRADESH,41,Guna (M),City,"1,80,978","94,645","86,333","23,757","12,658","11,099","1,28,463","73,169","55,294",912,877,81.71,89.24,73.50
23,MADHYA PRADESH,06,Shivpuri (M),City,"1,79,972","95,227","84,745","22,683","12,075","10,608","1,24,641","72,107","52,534",890,879,79.24,86.72,70.86
23,MADHYA PRADESH,26,Vidisha (M),City,"1,55,959","81,424","74,535","19,360","10,122","9,238","1,18,678","65,802","52,876",915,913,86.88,92.29,80.98
23,MADHYA PRADESH,08,Chhattarpur UA,UA,"1,47,688","78,070","69,618","18,312","9,874","8,438","1,08,806","60,806","48,000",892,855,84.10,89.16,78.46
23,MADHYA PRADESH,11,Damoh UA,UA,"1,47,515","76,951","70,564","17,519","9,161","8,358","1,13,014","62,616","50,398",917,912,86.94,92.37,81.02
23,MADHYA PRADESH,16,Mandsaur (M),City,"1,41,468","72,370","69,098","15,721","8,282","7,439","1,09,135","59,436","49,699",955,898,86.79,92.74,80.60
23,MADHYA PRADESH,23,Khargone UA,UA,"1,33,361","68,672","64,689","16,662","8,786","7,876","96,870","53,275","43,595",942,896,83.01,88.96,76.73
23,MADHYA PRADESH,15,Neemuch UA,UA,"1,28,575","67,566","61,009","15,008","7,836","7,172","97,528","55,043","42,485",903,915,85.88,92.15,78.91
23,MADHYA PRADESH,21,Pithampur (M),City,"1,26,099","70,577","55,522","20,438","10,872","9,566","87,417","54,030","33,387",787,880,82.73,90.49,72.65
23,MADHYA PRADESH,32,Hoshangabad (M),City,"1,17,956","61,610","56,346","13,012","6,964","6,048","92,317","50,943","41,374",915,868,87.97,93.22,82.26
23,MADHYA PRADESH,32,Itarsi UA,UA,"1,14,430","59,382","55,048","11,832","6,130","5,702","92,647","50,702","41,945",927,930,90.30,95.21,85.00
23,MADHYA PRADESH,28,Sehore UA,UA,"1,09,025","56,397","52,628","12,869","6,745","6,124","82,196","45,012","37,184",933,908,85.48,90.65,79.96
23,MADHYA PRADESH,30,Betul (M),City,"1,03,341","52,902","50,439","11,005","5,772","5,233","83,356","44,429","38,927",953,907,90.27,94.27,86.11
23,MADHYA PRADESH,39,Seoni (M),City,"1,02,377","52,354","50,023","10,413","5,467","4,946","83,832","44,862","38,970",955,905,91.16,95.68,86.45
23,MADHYA PRADESH,05,Datia (M),City,"1,00,466","52,931","47,535","12,218","6,553","5,665","71,071","40,482","30,589",898,864,80.54,87.29,73.06
23,MADHYA PRADESH,18,Nagda (M),City,"1,00,036","51,410","48,626","11,053","5,840","5,213","72,618","40,765","31,853",946,893,81.61,89.46,73.37
24,GUJARAT,99,Ahmadabad UA,UA,"63,52,254","33,48,264","30,03,990","6,75,284","3,64,965","3,10,319","50,82,338","28,05,134","22,77,204",897,850,89.53,94.03,84.54
24,GUJARAT,25,Surat UA,UA,"45,85,367","26,13,841","19,71,526","5,45,869","3,00,970","2,44,899","35,93,918","21,43,732","14,50,186",754,814,88.97,92.69,83.99
24,GUJARAT,19,Vadodara UA,UA,"18,17,191","9,46,280","8,70,911","1,72,923","93,146","79,777","15,13,883","8,14,179","6,99,704",920,856,92.07,95.43,88.44
24,GUJARAT,09,Rajkot UA,UA,"13,90,933","7,31,209","6,59,724","1,45,399","79,486","65,913","11,00,435","6,01,688","4,98,747",902,829,88.35,92.32,83.99
24,GUJARAT,14,Bhavnagar UA,UA,"6,06,282","3,15,978","2,90,304","63,358","34,463","28,895","4,65,722","2,57,528","2,08,194",919,838,85.78,91.48,79.64
24,GUJARAT,10,Jamnagar UA,UA,"6,00,411","3,13,497","2,86,914","59,173","31,786","27,387","4,45,206","2,44,658","2,00,548",915,862,82.26,86.85,77.27
24,GUJARAT,12,Junagadh (M Corp.),City,"3,20,250","1,64,091","1,56,159","27,375","14,651","12,724","2,59,563","1,39,317","1,20,246",952,868,88.63,93.23,83.83
24,GUJARAT,15,Anand UA,UA,"2,86,921","1,48,801","1,38,120","28,745","15,363","13,382","2,40,028","1,28,241","1,11,787",928,871,92.97,96.11,89.62
24,GUJARAT,23,Navsari UA,UA,"2,82,753","1,48,588","1,34,165","29,683","15,924","13,759","2,26,184","1,24,176","1,02,008",903,864,89.38,93.60,84.72
24,GUJARAT,08,Wadhwan UA,UA,"2,53,620","1,32,252","1,21,368","25,725","13,761","11,964","1,94,274","1,08,729","85,545",918,869,85.25,91.76,78.19
24,GUJARAT,01,Gandhidham (M),City,"2,48,705","1,32,388","1,16,317","31,224","16,352","14,872","1,81,253","1,04,073","77,180",879,909,83.34,89.69,76.08
24,GUJARAT,09,Morvi UA,UA,"2,46,008","1,28,290","1,17,718","29,493","15,775","13,718","1,81,566","1,01,417","80,149",918,870,83.86,90.14,77.07
24,GUJARAT,16,Nadiad UA,UA,"2,25,132","1,15,971","1,09,161","20,825","11,240","9,585","1,80,843","97,601","83,242",941,853,88.52,93.19,83.60
24,GUJARAT,21,Bharuch UA,UA,"2,24,210","1,15,545","1,08,665","20,544","10,758","9,786","1,81,090","96,231","84,859",940,910,88.92,91.83,85.82
24,GUJARAT,11,Porbandar UA,UA,"2,17,307","1,12,280","1,05,027","20,760","11,078","9,682","1,67,997","92,193","75,804",935,874,85.47,91.10,79.50
24,GUJARAT,04,Mahesana UA,UA,"1,90,189","1,00,495","89,694","17,956","10,203","7,753","1,56,697","86,414","70,283",893,760,90.98,95.71,85.77
24,GUJARAT,01,Bhuj UA,UA,"1,87,279","98,214","89,065","20,715","10,854","9,861","1,44,913","80,353","64,560",907,909,87.00,91.98,81.51
24,GUJARAT,12,Veraval UA,UA,"1,84,855","94,208","90,647","21,024","11,031","9,993","1,27,121","71,818","55,303",962,906,77.59,86.34,68.57
24,GUJARAT,24,Valsad UA,UA,"1,70,235","86,882","83,353","14,190","7,426","6,764","1,45,625","76,121","69,504",959,911,93.32,95.80,90.75
24,GUJARAT,24,Vapi (M),City,"1,63,605","94,338","69,267","19,899","10,618","9,281","1,43,706","83,720","59,986",734,874,100.00,100.00,100.00
24,GUJARAT,17,Godhra UA,UA,"1,61,925","83,568","78,357","19,489","10,193","9,296","1,25,859","68,641","57,218",938,912,88.36,93.55,82.85
24,GUJARAT,21,Anklesvar UA,UA,"1,40,839","75,167","65,672","15,168","8,137","7,031","1,14,184","62,978","51,206",874,864,90.86,93.95,87.32
24,GUJARAT,02,Palanpur UA,UA,"1,40,344","73,342","67,002","15,698","8,538","7,160","1,08,193","61,232","46,961",914,839,86.80,94.49,78.47
24,GUJARAT,03,Patan UA,UA,"1,33,744","69,984","63,760","13,089","7,053","6,036","1,05,998","59,060","46,938",911,856,87.85,93.85,81.31
24,GUJARAT,14,Botad (M),City,"1,30,302","67,778","62,524","16,654","8,889","7,765","94,563","53,275","41,288",922,874,83.21,90.47,75.40
24,GUJARAT,18,Dohad UA,UA,"1,30,255","66,443","63,812","17,457","9,135","8,322","95,726","52,483","43,243",960,911,84.86,91.58,77.93
24,GUJARAT,09,Jetpur Navagadh (M),City,"1,18,550","62,331","56,219","12,295","6,684","5,611","89,110","49,677","39,433",902,839,83.86,89.27,77.92
24,GUJARAT,13,Amreli UA,UA,"1,18,059","59,990","58,069","11,042","6,003","5,039","95,116","50,278","44,838",968,839,88.88,93.13,84.55
24,GUJARAT,09,Gondal (M),City,"1,12,064","58,417","53,647","11,591","6,358","5,233","86,139","47,112","39,027",918,823,85.73,90.50,80.61
24,GUJARAT,02,Deesa (M),City,"1,11,149","58,724","52,425","14,192","7,790","6,402","78,219","45,479","32,740",893,822,80.67,89.29,71.14
27,MAHARASHTRA,99,Greater Mumbai UA,UA,"1,84,14,288","98,94,088","85,20,200","17,43,997","9,17,855","8,26,142","1,51,32,568","84,23,992","67,08,576",861,900,90.78,93.85,87.19
27,MAHARASHTRA,25,Pune UA,UA,"50,49,968","26,59,484","23,90,484","5,61,004","2,97,943","2,63,061","41,03,766","22,43,534","18,60,232",899,883,91.42,95.00,87.44
27,MAHARASHTRA,09,Nagpur UA,UA,"24,97,777","12,75,750","12,22,027","2,48,678","1,29,522","1,19,156","20,95,419","11,02,638","9,92,781",958,920,93.17,96.20,90.02
27,MAHARASHTRA,20,Nashik UA,UA,"15,62,769","8,24,641","7,38,128","1,77,966","95,924","82,042","12,59,723","6,92,426","5,67,297",895,855,90.97,95.02,86.47
27,MAHARASHTRA,21,Vasai Virar City (M Corp.),City,"12,21,233","6,49,535","5,71,698","1,37,343","71,716","65,627","9,87,916","5,48,138","4,39,778",880,915,91.15,94.86,86.90
27,MAHARASHTRA,19,Aurangabad UA,UA,"11,89,376","6,20,097","5,69,279","1,54,067","82,867","71,200","9,23,128","5,05,531","4,17,597",918,859,89.16,94.10,83.84
27,MAHARASHTRA,30,Solapur (M Corp.),City,"9,51,118","4,82,194","4,68,924","1,04,466","54,728","49,738","7,10,180","3,90,335","3,19,845",972,909,83.88,91.31,76.30
27,MAHARASHTRA,21,Bhiwandi UA,UA,"7,37,411","4,34,975","3,02,436","91,796","47,483","44,313","5,25,930","3,26,853","1,99,077",695,933,81.46,84.35,77.12
27,MAHARASHTRA,07,Amravati (M Corp.),City,"6,46,801","3,30,544","3,16,257","62,497","32,713","29,784","5,43,568","2,84,490","2,59,078",957,910,93.03,95.52,90.44
27,MAHARASHTRA,20,Malegaon UA,UA,"5,76,425","2,93,976","2,82,449","90,654","46,822","43,832","4,17,635","2,21,530","1,96,105",961,936,85.97,89.63,82.18
27,MAHARASHTRA,34,Kolhapur UA,UA,"5,61,841","2,87,376","2,74,465","51,157","27,912","23,245","4,70,675","2,50,000","2,20,675",955,833,92.17,96.35,87.84
27,MAHARASHTRA,15,Nanded Waghala (M Corp.),City,"5,50,564","2,86,152","2,64,412","68,181","36,417","31,764","4,21,606","2,31,449","1,90,157",924,872,87.40,92.68,81.74
27,MAHARASHTRA,35,Sangali UA,UA,"5,13,862","2,60,956","2,52,906","52,775","28,179","24,596","4,06,145","2,17,461","1,88,684",969,873,88.08,93.42,82.64
27,MAHARASHTRA,03,Jalgaon (M Corp.),City,"4,60,468","2,41,228","2,19,240","51,544","28,548","22,996","3,63,778","1,98,426","1,65,352",909,806,88.96,93.30,84.26
27,MAHARASHTRA,05,Akola (M Corp.),City,"4,27,146","2,18,184","2,08,962","46,500","24,488","22,012","3,47,687","1,83,594","1,64,093",958,899,91.34,94.78,87.77
27,MAHARASHTRA,28,Latur (M Cl),City,"3,82,754","1,98,151","1,84,603","45,822","24,773","21,049","2,91,226","1,60,070","1,31,156",932,850,86.43,92.32,80.19
27,MAHARASHTRA,26,Ahmadnagar UA,UA,"3,79,867","1,96,344","1,83,523","39,836","21,434","18,402","3,11,603","1,67,369","1,44,234",935,859,91.64,95.69,87.35
27,MAHARASHTRA,02,Dhule (M Corp.),City,"3,76,093","1,93,854","1,82,239","43,677","23,246","20,431","2,98,693","1,60,511","1,38,182",940,879,89.86,94.08,85.40
27,MAHARASHTRA,34,Ichalkaranji UA,UA,"3,25,709","1,69,870","1,55,839","37,105","19,642","17,463","2,53,731","1,40,773","1,12,958",917,889,87.92,93.71,81.63
27,MAHARASHTRA,13,Chandrapur (M Cl),City,"3,21,036","1,65,125","1,55,911","30,353","15,921","14,432","2,63,962","1,42,528","1,21,434",944,906,90.81,95.53,85.83
27,MAHARASHTRA,17,Parbhani (M Cl),City,"3,07,191","1,57,628","1,49,563","40,075","21,187","18,888","2,25,298","1,23,760","1,01,538",949,891,84.34,90.71,77.70
27,MAHARASHTRA,18,Jalna (M Cl),City,"2,85,349","1,47,714","1,37,635","37,695","19,982","17,713","2,09,531","1,16,300","93,231",932,886,84.61,91.05,77.74
27,MAHARASHTRA,03,Bhusawal UA,UA,"2,04,016","1,05,164","98,852","21,272","11,499","9,773","1,65,435","88,928","76,507",940,850,90.53,94.94,85.89
27,MAHARASHTRA,24,Navi Mumbai Panvel Raigad (CT),CT,"1,94,999","1,07,771","87,228","25,679","13,633","12,046","1,53,608","88,833","64,775",809,884,90.72,94.36,86.16
27,MAHARASHTRA,24,Panvel (M Cl),City,"1,80,464","93,135","87,329","17,512","9,213","8,299","1,53,138","80,790","72,348",938,901,93.98,96.27,91.54
27,MAHARASHTRA,31,Satara UA,UA,"1,49,170","75,960","73,210","14,390","7,610","6,780","1,25,327","65,922","59,405",964,891,92.99,96.45,89.42
27,MAHARASHTRA,27,Bid (M Cl),City,"1,46,237","75,655","70,582","19,580","10,626","8,954","1,12,171","61,135","51,036",933,843,88.56,94.01,82.81
27,MAHARASHTRA,14,Yavatmal UA,UA,"1,38,464","69,858","68,606","12,968","6,902","6,066","1,15,855","60,334","55,521",982,879,92.32,95.84,88.78
27,MAHARASHTRA,09,Kamptee UA,UA,"1,36,124","70,375","65,749","14,846","7,625","7,221","1,09,241","59,505","49,736",934,947,90.07,94.83,84.98
27,MAHARASHTRA,11,Gondiya (M Cl),City,"1,32,889","66,756","66,133","12,835","6,652","6,183","1,12,490","58,721","53,769",991,929,93.70,97.70,89.69
27,MAHARASHTRA,30,Barshi (M Cl),City,"1,18,573","60,857","57,716","13,029","7,060","5,969","91,260","49,965","41,295",948,845,86.47,92.88,79.80
27,MAHARASHTRA,07,Achalpur (M Cl),City,"1,12,293","58,256","54,037","11,810","6,186","5,624","92,433","49,347","43,086",928,909,91.99,94.77,89.00
27,MAHARASHTRA,29,Osmanabad (M Cl),City,"1,12,085","58,098","53,987","13,346","7,184","6,162","87,041","47,577","39,464",929,858,88.15,93.45,82.52
27,MAHARASHTRA,01,Nandurbar (M Cl),City,"1,11,067","57,543","53,524","12,621","6,868","5,753","85,635","46,673","38,962",930,838,86.99,92.10,81.56
27,MAHARASHTRA,08,Wardha (M Cl),City,"1,05,543","53,241","52,302","9,754","5,139","4,615","90,091","46,752","43,339",982,898,94.05,97.19,90.88
27,MAHARASHTRA,28,Udgir (M Cl),City,"1,04,063","54,445","49,618","13,075","6,933","6,142","78,051","43,518","34,533",911,886,85.78,91.59,79.43
27,MAHARASHTRA,08,Hinganghat (M Cl),City,"1,00,416","51,881","48,535","9,681","5,175","4,506","85,599","45,728","39,871",936,871,94.34,97.91,90.56
28,ANDHRA PRADESH,99,Hyderabad UA ,UA,"77,49,334","39,85,240","37,64,094","8,31,435","4,27,973","4,03,462","57,36,575","30,64,389","26,72,186",945,943,82.92,86.14,79.51
28,ANDHRA PRADESH,13,GVMC (MC),City,"17,30,320","8,75,199","8,55,121","1,58,924","81,119","77,805","12,98,896","6,98,959","5,99,937",977,959,82.66,88.02,77.18
28,ANDHRA PRADESH,99,Vijayawada UA ,UA,"14,91,202","7,50,770","7,40,432","1,33,396","68,180","65,216","11,07,903","5,84,005","5,23,898",986,957,81.60,85.56,77.59
28,ANDHRA PRADESH,09,Warangal UA,UA,"7,59,594","3,80,833","3,78,761","67,732","34,812","32,920","5,71,229","3,12,338","2,58,891",995,946,82.56,90.27,74.86
28,ANDHRA PRADESH,17,Guntur UA,UA,"6,73,952","3,33,894","3,40,058","61,560","31,396","30,164","4,94,287","2,59,893","2,34,394",1018,961,80.71,85.92,75.64
28,ANDHRA PRADESH,19,Nellore UA,UA,"5,64,148","2,86,070","2,78,078","48,393","24,802","23,591","4,25,632","2,26,196","1,99,436",972,951,82.53,86.58,78.37
28,ANDHRA PRADESH,14,Rajahmundry UA,UA,"4,78,199","2,36,489","2,41,710","42,968","21,709","21,259","3,59,051","1,85,660","1,73,391",1022,979,82.50,86.44,78.65
28,ANDHRA PRADESH,21,Kurnool UA,UA,"4,78,124","2,39,401","2,38,723","50,240","25,977","24,263","3,31,039","1,77,841","1,53,198",997,934,77.37,83.33,71.43
28,ANDHRA PRADESH,23,Tirupati UA,UA,"4,59,985","2,31,456","2,28,529","41,589","21,645","19,944","3,56,558","1,90,414","1,66,144",987,921,85.22,90.76,79.65
28,ANDHRA PRADESH,14,Kakinada UA,UA,"4,42,936","2,17,573","2,25,363","39,464","19,972","19,492","3,29,207","1,68,326","1,60,881",1036,976,81.59,85.18,78.15
28,ANDHRA PRADESH,20,Kadapa UA,UA,"3,44,078","1,72,969","1,71,109","36,543","19,001","17,542","2,44,011","1,32,721","1,11,290",989,923,79.34,86.20,72.47
28,ANDHRA PRADESH,22,Anantapur UA,UA,"3,41,895","1,72,414","1,69,481","32,199","16,967","15,232","2,46,757","1,34,843","1,11,914",983,898,79.68,86.75,72.55
28,ANDHRA PRADESH,02,Nizamabad (M Corp.),City,"3,10,467","1,55,163","1,55,304","34,256","17,408","16,848","2,21,829","1,19,603","1,02,226",1001,968,80.31,86.82,73.83
28,ANDHRA PRADESH,03,Karimnagar UA,UA,"2,99,660","1,51,306","1,48,354","28,954","14,879","14,075","2,29,903","1,24,236","1,05,667",980,946,84.93,91.06,78.69
28,ANDHRA PRADESH,10,Khammam UA,UA,"2,62,309","1,29,937","1,32,372","24,419","12,655","11,764","1,96,478","1,03,140","93,338",1019,930,82.59,87.94,77.39
28,ANDHRA PRADESH,03,Ramagundam UA,UA,"2,52,261","1,28,347","1,23,914","18,643","9,789","8,854","1,74,893","97,804","77,089",965,904,74.86,82.49,67.00
28,ANDHRA PRADESH,15,Eluru UA,UA,"2,50,693","1,23,747","1,26,946","21,318","10,670","10,648","1,74,273","89,357","84,916",1026,998,75.98,79.02,73.02
28,ANDHRA PRADESH,12,Vizianagaram UA,UA,"2,39,374","1,17,412","1,21,962","21,665","11,089","10,576","1,77,233","93,420","83,813",1039,954,81.41,87.86,75.25
28,ANDHRA PRADESH,20,Proddatur UA,UA,"2,17,895","1,08,986","1,08,909","21,616","11,106","10,510","1,47,156","81,781","65,375",999,946,74.97,83.55,66.44
28,ANDHRA PRADESH,21,Nandyal UA,UA,"2,11,787","1,06,034","1,05,753","21,534","11,245","10,289","1,45,471","79,195","66,276",997,915,76.46,83.55,69.43
28,ANDHRA PRADESH,07,Mahbubnagar UA,UA,"2,10,143","1,06,232","1,03,911","22,299","11,538","10,761","1,55,626","84,590","71,036",978,933,82.85,89.33,76.26
28,ANDHRA PRADESH,18,Ongole UA,UA,"2,06,419","1,03,541","1,02,878","19,126","9,903","9,223","1,56,217","83,584","72,633",994,931,83.41,89.26,77.55
28,ANDHRA PRADESH,21,Adoni UA,UA,"1,84,771","92,006","92,765","20,517","10,455","10,062","1,12,151","62,646","49,505",1008,962,68.28,76.82,59.86
28,ANDHRA PRADESH,23,Madanapalle UA,UA,"1,79,267","89,692","89,575","18,062","9,312","8,750","1,28,467","69,340","59,127",999,940,79.69,86.27,73.15
28,ANDHRA PRADESH,23,Chittoor UA,UA,"1,75,640","87,480","88,160","15,758","8,288","7,470","1,36,815","72,208","64,607",1008,901,85.57,91.18,80.07
28,ANDHRA PRADESH,16,Machilipatnam (M),City,"1,70,008","83,561","86,447","13,778","7,076","6,702","1,30,173","66,337","63,836",1035,947,83.32,86.73,80.05
28,ANDHRA PRADESH,17,Tenali (M),City,"1,64,649","81,324","83,325","13,040","6,630","6,410","1,25,275","64,968","60,307",1025,967,82.63,86.98,78.41
28,ANDHRA PRADESH,01,Mancherial UA,UA,"1,63,875","83,961","79,914","13,150","6,890","6,260","1,14,119","64,092","50,027",952,909,75.71,83.16,67.92
28,ANDHRA PRADESH,18,Chirala UA,UA,"1,62,725","80,215","82,510","14,744","7,512","7,232","1,14,435","61,365","53,070",1029,963,77.33,84.41,70.50
28,ANDHRA PRADESH,08,Nalgonda UA,UA,"1,53,736","77,088","76,648","15,487","7,922","7,565","1,17,035","62,180","54,855",994,955,84.66,89.90,79.40
28,ANDHRA PRADESH,22,Hindupur (M),City,"1,51,835","76,625","75,210","16,309","8,263","8,046","1,03,538","56,177","47,361",982,974,76.40,82.18,70.52
28,ANDHRA PRADESH,15,Bhimavaram UA,UA,"1,47,056","72,457","74,599","12,520","6,327","6,193","1,12,424","57,519","54,905",1030,979,83.56,86.98,80.26
28,ANDHRA PRADESH,11,Srikakulam UA,UA,"1,46,988","73,077","73,911","12,741","6,599","6,142","1,15,061","60,953","54,108",1011,931,85.71,91.69,79.84
28,ANDHRA PRADESH,01,Adilabad UA,UA,"1,39,103","70,403","68,700","15,390","7,918","7,472","99,158","54,673","44,485",976,944,80.15,87.50,72.65
28,ANDHRA PRADESH,22,Guntakal (M),City,"1,26,479","62,695","63,784","12,614","6,495","6,119","86,197","47,471","38,726",1017,942,75.70,84.47,67.16
28,ANDHRA PRADESH,22,Dharmavaram (M),City,"1,21,992","62,186","59,806","11,963","6,441","5,522","79,037","45,025","34,012",962,857,71.83,80.77,62.66
28,ANDHRA PRADESH,10,Kothagudem UA,UA,"1,19,450","58,652","60,798","10,128","5,160","4,968","89,496","47,605","41,891",1037,963,81.86,88.99,75.03
28,ANDHRA PRADESH,16,Gudivada (M),City,"1,18,289","58,941","59,348","9,952","5,081","4,871","89,009","46,529","42,480",1007,959,82.16,86.39,77.98
28,ANDHRA PRADESH,17,Narasaraopet UA,UA,"1,17,568","59,514","58,054","10,519","5,420","5,099","84,889","46,228","38,661",975,941,79.30,85.46,73.01
28,ANDHRA PRADESH,04,Siddipet UA,UA,"1,13,893","56,600","57,293","11,396","5,867","5,529","81,022","44,870","36,152",1012,942,79.05,88.44,69.84
28,ANDHRA PRADESH,22,Tadpatri (M),City,"1,08,249","54,027","54,222","11,325","5,813","5,512","69,948","39,781","30,167",1004,948,72.17,82.51,61.93
28,ANDHRA PRADESH,08,Suryapet UA,UA,"1,06,524","52,800","53,724","9,511","4,895","4,616","82,268","43,655","38,613",1018,943,84.80,91.13,78.63
28,ANDHRA PRADESH,08,Miryalaguda UA,UA,"1,04,956","52,610","52,346","10,572","5,432","5,140","77,557","42,147","35,410",995,946,82.17,89.34,75.01
28,ANDHRA PRADESH,03,Jagtial UA,UA,"1,03,962","51,819","52,143","10,068","5,131","4,937","73,882","40,769","33,113",1006,962,78.69,87.32,70.15
28,ANDHRA PRADESH,15,Tadepalligudem UA,UA,"1,03,703","51,236","52,467","9,061","4,667","4,394","78,656","40,331","38,325",1024,942,83.11,86.60,79.72
28,ANDHRA PRADESH,17,Chilakaluripet (M),City,"1,01,550","50,201","51,349","9,525","4,916","4,609","66,336","36,472","29,864",1023,938,72.08,80.54,63.89
29,KARNATAKA,18,BANGALORE UA,UA,"84,99,399","44,41,248","40,58,151","8,70,743","4,48,965","4,21,778","68,32,072","36,97,180","31,34,892",914,939,89.56,92.61,86.21
29,KARNATAKA,23,Mysore UA,UA,"9,83,893","4,93,692","4,90,201","86,527","44,527","42,000","7,79,537","4,04,466","3,75,071",993,943,86.87,90.05,83.68
29,KARNATAKA,08,Hubli-Dharwad *(M Corp.),City,"9,43,857","4,75,980","4,67,877","99,989","51,293","48,696","7,36,506","3,89,290","3,47,216",983,949,87.28,91.67,82.83
29,KARNATAKA,21,Mangalore UA,UA,"6,19,664","3,07,624","3,12,040","55,396","28,640","26,756","5,28,511","2,69,031","2,59,480",1014,934,93.66,96.43,90.95
29,KARNATAKA,01,Belgaum UA,UA,"6,10,189","3,09,689","3,00,500","63,519","32,909","30,610","4,91,604","2,60,796","2,30,808",970,930,89.93,94.23,85.52
29,KARNATAKA,25,Gulbarga UA,UA,"5,41,617","2,77,357","2,64,260","70,184","36,614","33,570","3,94,133","2,14,591","1,79,542",953,917,83.60,89.14,77.83
29,KARNATAKA,13,Davanagere (M Corp.),City,"4,35,128","2,20,544","2,14,584","44,545","22,888","21,657","3,31,551","1,75,747","1,55,804",973,946,84.89,88.92,80.76
29,KARNATAKA,11,Bellary (M Corp.),City,"4,09,644","2,06,026","2,03,618","49,587","25,337","24,250","2,81,768","1,53,275","1,28,493",988,957,78.26,84.83,71.64
29,KARNATAKA,03,Bijapur (CMC),City,"3,26,360","1,65,122","1,61,238","39,134","20,482","18,652","2,39,631","1,28,615","1,11,016",976,911,83.43,88.92,77.86
29,KARNATAKA,14,Shimoga (CMC),City,"3,22,428","1,61,978","1,60,450","31,626","16,130","15,496","2,55,971","1,33,191","1,22,780",991,961,88.02,91.32,84.70
29,KARNATAKA,17,Tumkur (CMC),City,"3,05,821","1,55,406","1,50,415","29,655","15,233","14,422","2,37,424","1,23,904","1,13,520",968,947,85.97,88.39,83.47
29,KARNATAKA,05,Raichur (CMC),City,"2,32,456","1,17,408","1,15,048","27,924","14,286","13,638","1,58,452","86,973","71,479",980,955,77.47,84.34,70.49
29,KARNATAKA,04,Bidar UA,UA,"2,13,593","1,10,279","1,03,314","25,275","13,189","12,086","1,64,857","90,100","74,757",937,916,87.54,92.80,81.95
29,KARNATAKA,11,Hospet (CMC),City,"2,06,159","1,02,923","1,03,236","26,478","13,508","12,970","1,43,776","77,678","66,098",1003,960,80.02,86.87,73.23
29,KARNATAKA,20,Hassan UA,UA,"1,73,134","86,335","86,799","16,283","8,388","7,895","1,41,921","72,627","69,294",1005,941,90.48,93.17,87.82
29,KARNATAKA,07,Gadag-Betigeri (CMC),City,"1,72,813","86,165","86,648","18,419","9,519","8,900","1,32,094","70,035","62,059",1006,935,85.56,91.37,79.82
29,KARNATAKA,27,Robertson Pet UA,UA,"1,65,463","81,927","83,536","14,966","7,480","7,486","1,34,734","69,400","65,334",1020,1001,89.53,93.22,85.91
29,KARNATAKA,15,Udupi UA,UA,"1,65,401","81,940","83,461","13,408","6,944","6,464","1,42,143","72,244","69,899",1019,931,93.52,96.33,90.78
29,KARNATAKA,14,Bhadravati (CMC),City,"1,50,776","75,020","75,756","14,000","7,087","6,913","1,18,446","62,199","56,247",1010,975,86.60,91.56,81.70
29,KARNATAKA,12,Chitradurga UA,UA,"1,45,580","73,193","72,387","14,843","7,623","7,220","1,16,102","60,714","55,388",989,947,88.81,92.59,84.99
29,KARNATAKA,27,Kolar (CMC),City,"1,38,553","70,064","68,489","15,993","8,055","7,938","1,02,978","54,121","48,857",978,985,84.02,87.28,80.69
29,KARNATAKA,19,Mandya (CMC),City,"1,37,735","68,748","68,987","13,269","6,826","6,443","1,05,938","55,442","50,496",1003,944,85.11,89.54,80.74
29,KARNATAKA,16,Chikmagalur (CMC),City,"1,18,496","58,859","59,637","10,931","5,599","5,332","96,586","49,742","46,844",1013,952,89.79,93.39,86.26
29,KARNATAKA,06,Gangawati UA,UA,"1,14,459","57,228","57,231","14,251","7,281","6,970","76,473","42,315","34,158",1000,957,76.31,84.72,67.96
29,KARNATAKA,02,Bagalkot (CMC),City,"1,12,068","56,837","55,231","12,399","6,476","5,923","85,860","46,623","39,237",972,915,86.15,92.58,79.58
29,KARNATAKA,10,Ranibennur (CMC),City,"1,06,365","53,933","52,432","11,572","5,982","5,590","85,298","43,234","42,064",972,934,89.98,90.16,89.80
30,GOA,01,Panaji UA,UA,"1,14,405","59,379","55,026","10,996","6,057","4,939","93,995","50,447","43,548",927,815,90.90,94.61,86.94
30,GOA,02,Margao UA,UA,"1,06,528","54,720","51,808","10,393","5,327","5,066","86,538","45,967","40,571",947,951,90.02,93.06,86.80
30,GOA,02,Mormugao UA,UA,"1,01,068","53,585","47,483","10,293","5,507","4,786","81,733","45,422","36,311",886,869,90.04,94.48,85.04
32,KERALA,08,Kochi UA,UA,"21,17,990","10,42,809","10,75,181","1,89,586","96,960","92,626","18,58,505","9,24,453","9,34,052",1031,955,96.38,97.74,95.06
32,KERALA,04,Kozhikode UA,UA,"20,30,519","9,66,138","10,64,381","2,08,665","1,06,289","1,02,376","17,39,745","8,39,616","9,00,129",1102,963,95.49,97.65,93.57
32,KERALA,07,Thrissur UA,UA,"18,54,783","8,76,049","9,78,734","1,70,591","87,747","82,844","16,20,100","7,69,142","8,50,958",1117,944,96.19,97.57,94.98
32,KERALA,05,Malappuram UA,UA,"16,98,645","8,09,154","8,89,491","2,30,527","1,17,782","1,12,745","13,88,426","6,68,922","7,19,504",1099,957,94.57,96.75,92.63
32,KERALA,14,Thiruvananthapuram UA,UA,"16,87,406","8,15,200","8,72,206","1,42,242","72,164","70,078","14,40,731","7,04,926","7,35,805",1070,971,93.24,94.87,91.73
32,KERALA,02,Kannur UA,UA,"16,42,892","7,57,769","8,85,123","1,72,924","87,985","84,939","14,14,524","6,57,217","7,57,307",1168,965,96.23,98.12,94.64
32,KERALA,13,Kollam UA,UA,"11,10,005","5,29,838","5,80,167","1,01,361","51,856","49,505","9,40,840","4,55,919","4,84,921",1095,955,93.28,95.38,91.38
32,KERALA,11,Cherthala UA,UA,"4,55,408","2,22,398","2,33,010","39,179","20,156","19,023","3,99,809","1,98,180","2,01,629",1048,944,96.06,97.99,94.22
32,KERALA,11,Kayamkulam UA,UA,"4,27,091","1,97,960","2,29,131","35,039","18,022","17,017","3,74,043","1,74,685","1,99,358",1157,944,95.41,97.08,93.99
32,KERALA,10,Kottayam UA,UA,"3,57,533","1,74,465","1,83,068","28,707","14,612","14,095","3,05,069","1,49,184","1,55,885",1049,965,92.78,93.33,92.25
32,KERALA,06,Palakkad UA,UA,"2,93,566","1,43,650","1,49,916","26,773","13,707","13,066","2,45,829","1,23,892","1,21,937",1044,953,92.14,95.34,89.10
32,KERALA,11,Alappuzha UA,UA,"2,41,072","1,16,401","1,24,671","21,638","11,162","10,476","2,10,909","1,02,817","1,08,092",1071,939,96.12,97.70,94.66
32,KERALA,06,Ottappalam UA,UA,"2,38,238","1,14,183","1,24,055","25,631","13,060","12,571","2,00,647","97,477","1,03,170",1086,963,94.37,96.39,92.54
32,KERALA,01,Kanhangad UA,UA,"2,29,706","1,06,983","1,22,723","25,483","12,980","12,503","1,88,743","90,325","98,418",1147,963,92.42,96.09,89.29
32,KERALA,01,Kasaragod UA,UA,"1,92,761","92,960","99,801","24,584","12,621","11,963","1,54,740","76,527","78,213",1074,948,92.01,95.26,89.04
32,KERALA,10,Changanassery UA,UA,"1,27,971","61,740","66,231","11,118","5,700","5,418","1,14,394","55,188","59,206",1073,951,97.90,98.48,97.36
32,KERALA,07,Chalakudy UA,UA,"1,14,901","55,276","59,625","10,176","5,225","4,951","1,00,977","48,815","52,162",1079,948,96.42,97.53,95.41
32,KERALA,08,Kothamangalam UA,UA,"1,14,574","56,753","57,821","11,255","5,834","5,421","98,398","49,412","48,986",1019,929,95.24,97.04,93.48
33,TAMIL NADU,99,Chennai UA,UA,"86,96,010","43,89,200","43,06,810","8,16,862","4,16,238","4,00,624","71,18,747","37,17,302","34,01,445",981,962,90.35,93.57,87.08
33,TAMIL NADU,31,Coimbatore UA,UA,"21,51,466","10,77,812","10,73,654","1,93,497","98,499","94,998","17,47,178","9,12,408","8,34,770",996,964,89.23,93.17,85.30
33,TAMIL NADU,22,Madurai UA,UA,"14,62,420","7,32,861","7,29,559","1,32,904","68,026","64,878","12,10,645","6,30,962","5,79,683",995,954,91.06,94.91,87.21
33,TAMIL NADU,13,Tiruchirappalli UA,UA,"10,21,717","5,07,180","5,14,537","89,176","45,321","43,855","8,50,484","4,37,399","4,13,085",1015,968,91.20,94.70,87.76
33,TAMIL NADU,32,Tiruppur UA,UA,"9,62,982","4,89,465","4,73,517","1,01,797","52,005","49,792","7,42,982","3,99,561","3,43,421",967,957,86.27,91.34,81.05
33,TAMIL NADU,07,Salem UA,UA,"9,19,150","4,63,267","4,55,883","82,073","42,024","40,049","7,00,821","3,74,420","3,26,401",984,953,83.72,88.88,78.49
33,TAMIL NADU,09,Erode UA,UA,"5,21,776","2,61,470","2,60,306","47,029","24,002","23,027","4,03,496","2,14,981","1,88,515",996,959,84.99,90.53,79.45
33,TAMIL NADU,27,Tirunelveli UA,UA,"4,98,984","2,46,710","2,52,274","46,335","23,677","22,658","4,11,281","2,11,727","1,99,554",1023,957,90.86,94.93,86.91
33,TAMIL NADU,04,Vellore UA,UA,"4,81,966","2,39,735","2,42,231","45,049","22,889","22,160","3,81,382","2,00,068","1,81,314",1010,968,87.29,92.26,82.39
33,TAMIL NADU,26,Thoothukkudi UA,UA,"4,10,760","2,05,459","2,05,301","42,756","21,596","21,160","3,38,949","1,74,381","1,64,568",999,980,92.10,94.84,89.37
33,TAMIL NADU,11,Dindigul UA,UA,"2,92,132","1,45,438","1,46,694","26,169","13,327","12,842","2,36,961","1,23,409","1,13,552",1009,964,89.10,93.41,84.83
33,TAMIL NADU,19,Thanjavur UA,UA,"2,90,724","1,42,765","1,47,959","24,760","12,778","11,982","2,43,017","1,23,561","1,19,456",1036,938,91.37,95.06,87.85
33,TAMIL NADU,04,Ranipet UA,UA,"2,62,346","1,29,884","1,32,462","26,109","13,406","12,703","2,03,977","1,06,997","96,980",1020,948,86.34,91.86,80.98
33,TAMIL NADU,24,Sivakasi UA,UA,"2,34,688","1,16,869","1,17,819","23,183","11,760","11,423","1,76,698","94,563","82,135",1008,971,83.54,89.97,77.20
33,TAMIL NADU,12,Karur UA,UA,"2,33,763","1,16,536","1,17,227","21,175","11,002","10,173","1,87,223","99,007","88,216",1006,925,88.07,93.82,82.40
33,TAMIL NADU,10,Udhagamandalam UA,UA,"2,33,374","1,15,294","1,18,080","18,643","9,333","9,310","1,93,689","1,00,742","92,947",1024,998,90.20,95.07,85.45
33,TAMIL NADU,30,Hosur UA,UA,"2,29,507","1,18,133","1,11,374","27,724","14,147","13,577","1,78,048","95,487","82,561",943,960,88.24,91.83,84.42
33,TAMIL NADU,28,Nagercoil (M),City,"2,24,329","1,10,132","1,14,197","19,034","9,599","9,435","1,95,748","97,545","98,203",1037,983,95.35,97.03,93.74
33,TAMIL NADU,03,Kancheepuram UA,UA,"2,21,749","1,10,800","1,10,949","19,835","10,022","9,813","1,75,561","92,669","82,892",1001,979,86.95,91.95,81.96
33,TAMIL NADU,08,Kumarapalayam UA,UA,"1,94,992","98,642","96,350","16,613","8,465","8,148","1,32,764","73,805","58,959",977,963,74.43,81.84,66.85
33,TAMIL NADU,21,Karaikkudi UA,UA,"1,81,347","90,502","90,845","16,830","8,582","8,248","1,48,458","77,453","71,005",1004,961,90.24,94.55,85.97
33,TAMIL NADU,16,Neyveli UA,UA,"1,78,925","90,350","88,575","13,657","7,201","6,456","1,44,512","77,473","67,039",980,897,87.44,93.17,81.64
33,TAMIL NADU,16,Cuddalore (M),City,"1,73,361","85,593","87,768","15,940","8,153","7,787","1,39,388","72,083","67,305",1025,955,88.54,93.08,84.15
33,TAMIL NADU,19,Kumbakonam UA,UA,"1,67,098","82,844","84,254","14,552","7,309","7,243","1,39,008","71,612","67,396",1017,991,91.13,94.81,87.51
33,TAMIL NADU,05,Tiruvannamalai (M),City,"1,44,683","72,351","72,332","14,530","7,413","7,117","1,06,256","55,585","50,671",1000,960,81.64,85.60,77.70
33,TAMIL NADU,31,Pollachi UA,UA,"1,35,235","67,260","67,975","11,031","5,683","5,348","1,09,900","57,352","52,548",1011,941,88.48,93.14,83.91
33,TAMIL NADU,24,Rajapalayam (M),City,"1,30,119","64,624","65,495","10,504","5,371","5,133","1,03,172","54,622","48,550",1013,956,86.25,92.18,80.43
33,TAMIL NADU,04,Gudiyatham UA,UA,"1,24,274","61,564","62,710","11,876","6,014","5,862","95,231","50,296","44,935",1019,975,84.73,90.54,79.04
33,TAMIL NADU,20,Pudukkottai (M),City,"1,17,215","58,601","58,614","10,853","5,566","5,287","98,054","50,798","47,256",1000,950,92.19,95.78,88.62
33,TAMIL NADU,04,Vaniyambadi UA,UA,"1,16,712","57,746","58,966","13,898","7,139","6,759","86,835","45,118","41,717",1021,947,84.46,89.15,79.91
33,TAMIL NADU,04,Ambur (M),City,"1,13,856","56,052","57,804","12,150","6,216","5,934","88,309","45,439","42,870",1031,955,86.83,91.18,82.65
33,TAMIL NADU,17,Nagapattinam (M),City,"1,02,838","50,809","52,029","11,308","5,858","5,450","81,913","42,374","39,539",1024,930,89.49,94.27,84.89
34,PUDUCHERRY,02,Puducherry UA,UA,"6,54,392","3,21,834","3,32,558","63,879","32,359","31,520","5,26,252","2,72,575","2,53,677",1033,974,89.12,94.16,84.27
35,ANDAMAN & NICOBAR ISLANDS,03,Port Blair (MC),City,"1,00,608","53,247","47,361","9,358","4,852","4,506","81,908","44,908","37,000",889,929,89.76,92.79,86.34
